username,password,firstname,lastname,email
almenaddi,Admin@12345,Almen Abdi,High,almen@gmail.com
tammyabraham,Admin@12345,Tammy, Abraham,tammyabraham@gmail.com
charlieadam,Admin@12345,Charlie ,Adam,charlieadam@gmail.com
olaaina,Admin@12345,Ola Aina,Lo,olaaina@gmail.com
benikafoebe,Admin@12345,Benik,Benik ,benikafoebe@gmail.com
sergioaguro,Admin@12345,Sergio,Agüero,sergioaguro@gmail.com
